{"chunk_definitions":[{"row":18,"row_count":1,"visible":true,"expansion_state":0,"options":{"engine":"r","label":"setup","include":false,"message":false,"dev":"png"},"document_id":"200DFC46","chunk_id":"csetup_chunk","chunk_label":"setup"},{"row":28,"row_count":1,"visible":true,"expansion_state":0,"options":{"engine":"r","label":"unnamed-chunk-1","dev":"png"},"document_id":"200DFC46","chunk_id":"clzggs6jia8xy","chunk_label":"unnamed-chunk-1"},{"row":38,"row_count":1,"visible":true,"expansion_state":0,"options":{"engine":"r","label":"unnamed-chunk-61","dev":"png"},"document_id":"200DFC46","chunk_id":"cfplxi1gk4p3j","chunk_label":"unnamed-chunk-2"},{"row":63,"row_count":1,"visible":true,"expansion_state":0,"options":{"engine":"r","label":"unnamed-chunk-62","dev":"png"},"document_id":"200DFC46","chunk_id":"ct4jvgjwkl2k1","chunk_label":"unnamed-chunk-3"},{"row":81,"row_count":1,"visible":true,"expansion_state":0,"options":{"engine":"r","label":"unnamed-chunk-38","dev":"png"},"document_id":"200DFC46","chunk_id":"cc9iy7rt9ndkg","chunk_label":"graph 1"},{"row":104,"row_count":1,"visible":true,"expansion_state":0,"options":{"engine":"r","label":"graph 2","dev":"png"},"document_id":"200DFC46","chunk_id":"cbhyzre70jqs5","chunk_label":"graph 2"},{"row":127,"row_count":1,"visible":true,"expansion_state":0,"options":{"engine":"r","label":"graph 3","dev":"png"},"document_id":"200DFC46","chunk_id":"c1tlm3evra55x","chunk_label":"graph 3"}],"doc_write_time":1716380822,"working_dir":null,"default_chunk_options":{"comment":"","warning":false,"message":false,"erro":true}}