{"working_dir":null,"default_chunk_options":{"comment":"","warning":false,"message":false,"erro":true},"chunk_definitions":[{"row":21,"row_count":1,"visible":true,"expansion_state":0,"options":{"engine":"r","label":"setup","include":false,"message":false,"dev":"png"},"document_id":"200DFC46","chunk_id":"csetup_chunk","chunk_label":"setup"},{"row":37,"row_count":1,"visible":true,"expansion_state":0,"options":{"engine":"r","label":"unnamed-chunk-2","dev":"png"},"document_id":"200DFC46","chunk_id":"c1ma2vernsm9z","chunk_label":"unnamed-chunk-1"},{"row":48,"row_count":1,"visible":true,"expansion_state":0,"options":{"engine":"r","include":false,"label":"unnamed-chunk-3","dev":"png"},"document_id":"200DFC46","chunk_id":"cyh5p12ano76q","chunk_label":"unnamed-chunk-2"},{"row":73,"row_count":1,"visible":true,"expansion_state":0,"options":{"engine":"r","label":"unnamed-chunk-4","dev":"png"},"document_id":"200DFC46","chunk_id":"ct1hsn71kjtod","chunk_label":"unnamed-chunk-3"},{"row":99,"row_count":1,"visible":true,"expansion_state":0,"options":{"engine":"r","label":"graph 1","dev":"png"},"document_id":"200DFC46","chunk_id":"cjlwou5urnmu4","chunk_label":"graph 1"},{"row":129,"row_count":1,"visible":true,"expansion_state":0,"options":{"engine":"r","label":"graph 2","dev":"png"},"document_id":"200DFC46","chunk_id":"cyvto3u6aasds","chunk_label":"graph 2"},{"row":156,"row_count":1,"visible":true,"expansion_state":0,"options":{"engine":"r","label":"graph 3","dev":"png"},"document_id":"200DFC46","chunk_id":"cxhaz8whw7m6p","chunk_label":"graph 3"},{"row":220,"row_count":1,"visible":true,"expansion_state":0,"options":{"engine":"r","label":"unnamed-chunk-5","dev":"png"},"document_id":"200DFC46","chunk_id":"c6zts8xyr6fi0","chunk_label":"unnamed-chunk-4"}],"doc_write_time":1717498768,"chunk_rendered_width":700}