"0","library(glmnet)"
"0","library(gridExtra)"
"0","library(caret)"
"0",""
"0","# Prepare the data for regression"
"0","cleaned_spoty$Decade <- as.factor(cleaned_spoty$Decade)"
"0",""
"0","# Create model matrix for regression"
"0","X <- model.matrix(Danceability ~ Decade, data = cleaned_spoty)[, -1]"
"0","y <- cleaned_spoty$Danceability"
"0",""
"0","# Split data into training and test sets"
"0","set.seed(123)"
"0","trainIndex <- createDataPartition(y, p = 0.7, list = FALSE)"
"0","X_train <- X[trainIndex, ]"
"0","X_test <- X[-trainIndex, ]"
"0","y_train <- y[trainIndex]"
"0","y_test <- y[-trainIndex]"
"0",""
"0","# Ridge Regression"
"0","ridge_model <- cv.glmnet(X_train, y_train, alpha = 0)"
"0","ridge_best_lambda <- ridge_model$lambda.min"
"0","plot(ridge_model)"
