"0","# graphs start here"
"0","library(dplyr)"
"0","library(ggplot2)"
"0",""
"0","ggplot(most_popular_genre, aes(x = Decade, y = Most_Popular_Genre_Avg_Popularity)) +"
"0","  geom_segment(aes(x = Decade, xend = Decade + 10, y = Most_Popular_Genre_Avg_Popularity, yend = Most_Popular_Genre_Avg_Popularity, color = Most_Popular_Genre), size = 4) +"
"0","  labs(title = ""Most Popular Genre's Average Popularity Over the Past 7 Decades"","
"0","       x = ""Decade"","
"0","       y = ""Average Popularity"","
"0","       color = ""Genre"") +"
"0","  scale_x_continuous(breaks = seq(min(most_popular_genre$Decade), max(most_popular_genre$Decade) + 10, by = 10), "
"0","                     limits = c(min(most_popular_genre$Decade), 2020)) +"
"0","  theme_minimal() +"
"0","  theme(axis.text.x = element_text(angle = 45, hjust = 1),"
"0","        plot.title = element_text(size = 12, face = ""bold"", hjust = 0.5))"
"0",""
