"0","average_bpm_per_year <- cleaned_spoty %>%"
"0","  group_by(Year) %>%"
"0","  summarise(Average_BPM = mean(`Beats Per Minute (BPM)`, na.rm = TRUE))"
"0",""
"0","ggplot(average_bpm_per_year, aes(x = Year, y = Average_BPM)) +"
"0","  geom_line(color = ""red"", size = 0.7) + "
"0","  labs(title = ""Average BPM Over the Years"","
"0","       x = ""Year"","
"0","       y = ""Average BPM"") +"
"0","  scale_x_continuous(breaks = seq(1950, 2020, by = 10)) + "
"0","  theme_minimal() +"
"0","  theme("
"0","    axis.text.x = element_text(angle = 45, hjust = 1),"
"0","    plot.title = element_text(size = 12, face = ""bold"", hjust = 0.5),"
"0","    panel.grid.major = element_line(size = 0.5, linetype = 'solid', colour = ""gray90""),"
"0","    panel.grid.minor = element_line(size = 0.25, linetype = 'solid', colour = ""gray60""),"
"0","    panel.border = element_rect(color = ""gray60"", fill = NA, size = 0.5)"
"0","  )"
