{"chunk_definitions":[{"row":18,"row_count":1,"visible":true,"expansion_state":0,"options":{"engine":"r","label":"setup","include":false,"message":false,"dev":"png"},"document_id":"200DFC46","chunk_id":"csetup_chunk","chunk_label":"setup"},{"row":28,"row_count":1,"visible":true,"expansion_state":0,"options":{"engine":"r","label":"unnamed-chunk-1","dev":"png"},"document_id":"200DFC46","chunk_id":"clzggs6jia8xy","chunk_label":"unnamed-chunk-1"},{"row":38,"row_count":1,"visible":true,"expansion_state":0,"options":{"engine":"r","label":"unnamed-chunk-61","dev":"png"},"document_id":"200DFC46","chunk_id":"cfplxi1gk4p3j","chunk_label":"unnamed-chunk-2"},{"row":63,"row_count":1,"visible":true,"expansion_state":0,"options":{"engine":"r","label":"unnamed-chunk-62","dev":"png"},"document_id":"200DFC46","chunk_id":"ct4jvgjwkl2k1","chunk_label":"unnamed-chunk-3"},{"row":92,"row_count":1,"visible":true,"expansion_state":0,"options":{"engine":"r","label":"unnamed-chunk-78","dev":"png"},"document_id":"200DFC46","chunk_id":"cc9iy7rt9ndkg","chunk_label":"unnamed-chunk-4"},{"row":119,"row_count":1,"visible":true,"expansion_state":0,"options":{"engine":"r","label":"unnamed-chunk-71","dev":"png"},"document_id":"200DFC46","chunk_id":"cnro9lqr1irrg","chunk_label":"unnamed-chunk-5"}],"doc_write_time":1716377939,"working_dir":null,"default_chunk_options":{"comment":"","warning":false,"message":false,"erro":true},"chunk_rendered_width":700}