"0","# Creating a new column 'Decade' to categorize each year into decades"
"0","cleaned_spoty <- cleaned_spoty %>%"
"0","  mutate(Decade = floor(Year / 10) * 10)"
"0",""
"0","# Find the most popular genre for each decade"
"0","most_popular_genre <- cleaned_spoty %>%"
"0","  group_by(Decade, Genre) %>%"
"0","  summarise(Average_Popularity = mean(Popularity, na.rm = TRUE)) %>%"
"0","  arrange(Decade, desc(Average_Popularity)) %>%"
"0","  slice(1) %>%"
"0","  ungroup()"
"0",""
"0","# Rename the columns for clarity"
"0","most_popular_genre <- most_popular_genre %>%"
"0","  rename(Most_Popular_Genre = Genre, Most_Popular_Genre_Avg_Popularity = Average_Popularity)"
"0",""
"0","# Join the most popular genre back to the original dataset"
"0","cleaned_spoty <- cleaned_spoty %>%"
"0","  left_join(most_popular_genre, by = ""Decade"")"
"0",""
"0","# View the updated dataset"
"0","head(cleaned_spoty)"
